material,direction,stress_amplitude_MPa,cycles_to_failure,frequency_RPM,source_table,log10_N
A37JC (equivalente a S235),TD,232.44,1727054,4000,A1,6.237305916916261
A37JC (equivalente a S235),TD,234.83,2077810,4000,A1,6.317605832093066
A37JC (equivalente a S235),TD,234.84,1328522,4000,A1,6.123368750616444
A37JC (equivalente a S235),TD,234.98,1072703,4000,A1,6.030479495203954
A37JC (equivalente a S235),TD,235.02,502629,4000,A1,5.701247542307963
A37JC (equivalente a S235),TD,235.13,7292489,4000,A1,6.862875782703896
A37JC (equivalente a S235),TD,235.31,918216,4000,A1,5.962944856118054
A37JC (equivalente a S235),TD,235.61,705992,4000,A1,5.84879977983999
A37JC (equivalente a S235),TD,237.8,1655916,4000,A1,6.219038302459883
A37JC (equivalente a S235),TD,240.08,1068136,4000,A1,6.0286265525888165
A37JC (equivalente a S235),TD,242.53,956867,4000,A1,5.980851577087009
A37JC (equivalente a S235),TD,245.35,495745,3000,A1,5.695258342678934
A37JC (equivalente a S235),TD,246.43,607824,2000,A1,5.7837778442496575
A37JC (equivalente a S235),TD,247.38,384489,4000,A1,5.584883919410175
A37JC (equivalente a S235),TD,250.21,425629,4000,A1,5.629031210712989
A37JC (equivalente a S235),TD,252.35,659037,1500,A1,5.818909797666465
A37JC (equivalente a S235),TD,255.19,603090,2000,A1,5.78038212737524
A37JC (equivalente a S235),TD,260.15,288380,2000,A1,5.459965137493899
A37JC (equivalente a S235),TD,265.12,105487,4000,A1,5.023198941376455
A37JC (equivalente a S235),TD,273.02,87287,3000,A1,4.940949567317578
A37JC (equivalente a S235),TD,282.26,67402,3000,A1,4.8286727834207355
A37JC (equivalente a S235),TD,311.15,36145,500,A1,4.5580482290829885
A37JC (equivalente a S235),RD,224.86,1634316,4000,A2,6.213336032482703
A37JC (equivalente a S235),RD,227.26,1411137,4000,A2,6.149569179208447
A37JC (equivalente a S235),RD,227.55,3407330,4000,A2,6.532414197036815
A37JC (equivalente a S235),RD,229.93,2468304,4000,A2,6.392398647011096
A37JC (equivalente a S235),RD,230.0,1241237,4000,A2,6.093854712977492
A37JC (equivalente a S235),RD,230.0,3099455,4000,A2,6.4912853353501
A37JC (equivalente a S235),RD,232.43,1755321,4000,A2,6.244356548597238
A37JC (equivalente a S235),RD,234.8,2323842,4000,A2,6.3662065966697545
A37JC (equivalente a S235),RD,234.98,904263,4000,A2,5.956294761047349
A37JC (equivalente a S235),RD,236.99,424037,4000,A2,5.627403753278468
A37JC (equivalente a S235),RD,237.36,812867,4000,A2,5.9100194928373275
A37JC (equivalente a S235),RD,239.25,802647,4000,A2,5.904524586799536
A37JC (equivalente a S235),RD,243.26,693499,4000,A2,5.841045839173118
A37JC (equivalente a S235),RD,256.02,216364,4000,A2,5.335185001804366
A37JC (equivalente a S235),RD,260.59,414138,1500,A2,5.617145081826089
A37JC (equivalente a S235),RD,265.33,175072,1500,A2,5.243216693097375
A37JC (equivalente a S235),RD,269.98,226824,1000,A2,5.355689004877481
A37JC (equivalente a S235),RD,274.72,127698,1000,A2,5.106184095417169
A37JC (equivalente a S235),RD,279.69,124317,500,A2,5.094530521251191
